word,frequency,probability
ace,6968,0.5470039521000558
ache,847,0.4167365938096597
act,72217,0.691548319505963
ad,43255,0.6598643840933528
add,113857,0.7196905881627325
age,66836,0.6867617792019002
ah,22391,0.619162225732002
aid,18557,0.6075526714980031
aide,1576,0.4551201322029444
aids,22059,0.6182388115073252
aim,7901,0.5547716621689471
air,81116,0.698731488181241
aisle,1389,0.4473125619092643
al,1,0.0
all,1699639,0.886789964095843
am,547594,0.8167762814473631
an,1578014,0.8822002936889397
and,10715412,1.0006074498292192
anne,1,0.0
ant,2774,0.49007021654003124
ape,3851,0.510348086174708
arch,3722,0.5082419525098062
are,2984460,0.921591854965116
ark,2891,0.49262391652792575
arm,20428,0.6134905620221385
armed,12787,0.5845317402501066
arms,32709,0.6425894734449064
art,62514,0.682629380702156
arts,22654,0.6198840579428377
as,2642512,0.9140696884518528
ash,3595,0.5060959192465104
ask,138494,0.7317990933362715
asked,102159,0.7129890740077088
asks,16410,0.599952165584191
ass,29849,0.6369334892134217
at,1977888,0.8961619302509529
ate,7077,0.54796343146607
aunt,2846,0.49165416887621344
aunts,430,0.37483141241592766
ax,3140,0.4977310726199445
axe,3071,0.496357576001126
aye,848,0.41680953158512435
ba,1,0.0
babe,3164,0.498201745636589
back,393091,0.7962851220760072
backed,6883,0.5462452602583684
bad,153581,0.73819080798828
bade,136,0.30367457061213954
badge,2040,0.471072037184355
bag,16428,0.600019932546068
bags,5806,0.535726691879013
bait,4290,0.5170212289748038
baits,1,0.0
bake,2529,0.4843544312747675
baked,1781,0.46267915062371245
bald,2765,0.48986933793111115
bale,558,0.39093871582034195
ball,38503,0.6526705882508689
balls,13294,0.586935331422611
bam,1,0.0
band,49180,0.6677998043350996
bands,17343,0.6033704018582269
bang,6790,0.5454043531998006
banged,580,0.39332903940515995
bank,39507,0.6542618058785827
bar,31562,0.6403829088826898
bare,8495,0.5592525163608097
bark,2442,0.4821905072782229
barked,1,0.0
barn,2576,0.48549267836390797
bars,9207,0.5642277580477253
bas,1,0.0
base,59144,0.6792038922134029
bash,4673,0.5223072889605395
bass,17076,0.6024113460265765
bat,6470,0.5424202560993177
batch,10264,0.5709456970692327
bath,5622,0.533735985126874
bathe,671,0.40233798604952886
bats,3885,0.5108914458667259
bay,32846,0.6428478407429326
be,3095438,0.9238487481558492
beach,26667,0.629965452040583
bead,1825,0.4641877387136098
beak,583,0.39364794685816185
beam,7879,0.5545993015166203
bean,3576,0.5057683545717043
beans,4852,0.5246308888433007
bear,23530,0.6222292953766146
beard,3174,0.4983968065669408
bears,8357,0.5582400991726444
beast,16394,0.5998918658525131
beat,33105,0.6433333558831856
bed,31346,0.6399584146975642
beds,2425,0.48175867857399945
bee,3289,0.5005968522088858
beef,5286,0.5299266101246505
been,735348,0.8349998728140104
beep,2304,0.4785947037126745
beer,24709,0.625251502136752
bees,5074,0.5273963865247026
beet,421,0.3735238834837021
beg,4584,0.5211186354136125
begged,1191,0.4378060225405689
beige,1330,0.4446294848456064
belch,284,0.3491899728502138
bell,24816,0.6255186072088402
bells,2900,0.4928160537290037
belt,10821,0.574212363657299
ben,1,0.0
bench,5361,0.5307975002346459
bend,6892,0.54632603454468
bends,1135,0.4348289842908944
bent,8476,0.5591141060274346
best,269709,0.7729996551484652
bet,29910,0.6370596861551125
bib,782,0.41180093551644564
bid,121986,0.7239535198442213
big,178682,0.747548299679817
bike,22528,0.6195392888029082
bikes,1,0.0
bill,116920,0.7213315638362884
bin,15832,0.5977356307506484
bing,658,0.40112862942114497
bird,19071,0.6092415607201952
birds,14488,0.5922518898320124
birth,23368,0.6218022396151498
bit,159207,0.7404147253796696
bite,8163,0.5567882088255847
bites,2887,0.49253833014175835
bits,23834,0.6230228070876835
blab,110,0.2905590541068382
black,160757,0.7410136279041746
blade,9593,0.5667664655083444
blah,12805,0.5846186944404079
blame,17327,0.6033133475639803
bland,1679,0.4590335247742111
blank,15241,0.5953839474324609
blast,18944,0.6088285393647792
blaze,4592,0.5212264205456026
bleach,1320,0.44416295615919266
bleed,2527,0.48430552719188885
bless,3928,0.511571866041276
blessed,5750,0.5351275825818115
blew,5338,0.5305317293002747
blimp,318,0.3561798091275219
blind,13560,0.5881599730631422
blink,2057,0.47158502566817145
blinked,561,0.3912701630355401
blob,1171,0.4367591769028681
block,33258,0.6436183844279982
blocks,14412,0.5919267734027839
blond,3229,0.4994587760451838
blonde,6625,0.54388367494869
blood,51802,0.6710105692722735
bloom,3774,0.5090995883033852
bloomed,123,0.2974640091383552
blot,530,0.38775637120299394
blouse,1686,0.45929070392838717
blow,16921,0.60184768724457
blown,5760,0.5352349931345268
blows,4717,0.5228866008324049
blub,1,0.0
blue,89006,0.7044693536793123
bluff,1102,0.43300508175144237
blur,1629,0.457164738027929
blurt,1,0.0
blush,1255,0.4410415480242152
blushed,934,0.42278057769160815
bo,1,0.0
board,79618,0.697579259183151
boast,959,0.4244133920517722
boat,15858,0.5978370623730221
boats,5616,0.5336699789726745
bob,63943,0.6840264887903271
boil,3838,0.5101390622148553
boiled,1942,0.4680288077821174
bold,5487,0.5322335271025974
bolt,7296,0.549847308134429
bomb,15378,0.5959371123494203
bon,1,0.0
bone,16064,0.5986348831123197
bones,7198,0.5490113845031357
boo,1540,0.4536917430564832
boob,497,0.3837824870938847
book,190906,0.7516387967257361
books,111047,0.7181458534492475
boom,4285,0.5169491417858358
boost,4759,0.5234345613257396
boot,43869,0.6607356684580086
booth,4465,0.5194927363674613
boots,10726,0.5736672817417291
bop,892,0.4199364618038402
bore,3599,0.5061646596011443
bored,7025,0.5475075554257116
born,35182,0.6470947999386241
boss,10003,0.569353498549493
both,296624,0.778879582658538
bough,297,0.35195667162611816
bought,57148,0.6770817449633482
bounce,4233,0.5161944089088064
bound,12726,0.5842361491871347
bout,5609,0.5335928826058448
bow,7504,0.5515849184301069
bowed,1015,0.4279215536488308
bowl,10721,0.5736384596413634
bowls,1101,0.4329489630389775
box,171531,0.7450235574217692
boy,42824,0.6592453624238793
boys,23927,0.6232635382162758
bra,3729,0.5083580989143273
brace,1419,0.4486334403194673
brag,1166,0.4364946717601532
braid,502,0.3844012586023628
braille,529,0.3876396294165777
brain,54114,0.6737096595919339
brains,6643,0.5440513967331697
branch,13545,0.5880915560583333
brand,25020,0.6260246783610415
brass,12056,0.5808929175910957
brat,1081,0.4318157551797888
brave,5525,0.5326601471734469
bray,762,0.4101994273512499
bread,9064,0.5632601382322169
break,47767,0.6659977797644127
breaks,10803,0.5741094533823629
breast,7546,0.5519299319259553
breasts,10189,0.5704923525628016
breath,14433,0.5920167793058912
breathe,3118,0.4972964512495008
breathed,1134,0.4347744979431318
breed,15242,0.595388003119733
breeze,2121,0.4734789720367716
brick,3970,0.5122293095180322
bricks,1694,0.4595833187116511
bride,3677,0.507490040525131
bridge,19357,0.6101616891204872
brief,19496,0.6106039863925307
bright,13727,0.5889166112716692
bring,56511,0.6763888581206515
brings,12635,0.5837925415157327
broad,12609,0.5836652095347319
broil,114,0.2927669587224807
broke,14086,0.5905124643258277
brook,2792,0.49047002592360495
broom,601,0.39552759443936825
broth,769,0.41076468707426583
brought,39793,0.6547076847514024
brown,42130,0.6582353947693852
bruise,457,0.37859581878331644
brunch,348,0.3617524773296879
brush,5702,0.5346093978565022
brushed,1556,0.4543306609671317
buck,6799,0.545486233087821
bud,5260,0.5296218145714284
bug,32227,0.6416717926409384
bugs,18338,0.6068188272972808
build,47709,0.6659226769872115
built,39880,0.6548426837107235
bulb,3247,0.499802404365432
bulbs,2128,0.4736826452277368
bulge,1265,0.44153214391313567
bull,8306,0.557861708429274
bulls,2547,0.48479283564809755
bum,1699,0.45976550203696603
bump,2683,0.48800840072839524
bumped,2128,0.4736826452277368
bumps,1781,0.46267915062371245
bun,887,0.4195889917628089
bunch,30311,0.6378829233694099
bunk,1072,0.4312989543824533
buns,1015,0.4279215536488308
bunt,187,0.3233597107871684
burn,12497,0.5831136841008434
burned,7751,0.5535868298783335
burnt,2438,0.4820891715874391
burp,467,0.3799338527896167
burst,6354,0.5413019299215841
bus,35779,0.6481349284868911
bush,10890,0.5746052734845847
but,2128965,0.9007118881495383
butt,10345,0.5714316033375877
buy,130388,0.7280708980251269
buzz,3747,0.5086557628484321
by,1790441,0.890007180075658
bye,8946,0.5624501164926194
cab,3388,0.5024300436136425
cage,8499,0.5592816159294463
cake,6251,0.5402916860912712
cakes,1340,0.4450925189023143
calf,1479,0.4511934234318705
call,241963,0.7662891206022864
called,187702,0.7505925472473846
calls,46309,0.6640816027724676
calm,6301,0.5407841580837054
calve,30,0.21024419147420684
came,115003,0.7203096592474972
camp,15939,0.598151998133689
can,1625074,0.8840167981534968
cane,5406,0.5313142050336872
canned,2418,0.48157998619156417
cans,2757,0.4896902294898748
cant,1,0.0
cap,13882,0.5896106884263314
cape,5459,0.5319172806223986
caped,1,0.0
caps,6566,0.5433307077717864
car,86254,0.7025279158589172
card,222823,0.761195146464256
cards,235986,0.7647429888281944
care,104470,0.714371840817487
cared,3292,0.5006532096881288
carl,1,0.0
cars,31248,0.6397648545739697
cart,5926,0.536991272445831
carve,862,0.417821725669439
case,199507,0.7543628595444671
cash,39509,0.6542649351059568
cast,24386,0.6244381217613559
cat,38650,0.6529061404744543
catch,22588,0.6197037044265735
cats,17764,0.6048530270041322
caught,22730,0.6200910879958986
cause,79706,0.6976475439263937
cave,7508,0.5516178599483575
caw,1,0.0
cent,6306,0.5408331901776021
cents,29831,0.6368962014899178
chain,23316,0.6216645321041757
chains,7005,0.5473313193618322
chair,18590,0.607662499346026
chairs,3115,0.4972369472267434
chalk,1663,0.45844163747492467
champ,2537,0.48454966162271107
chance,58966,0.6790175737785307
chang,1,0.0
change,157120,0.739599055071094
changed,51342,0.6704592046366638
chant,5189,0.5287817503868503
charge,45282,0.6626953002586712
charm,3830,0.5100100798883821
charms,675,0.40270538539280265
chart,10662,0.5732973400650778
chase,9067,0.5632805942770347
chased,1329,0.44458299010288455
chat,11999,0.5805999682854188
cheap,34327,0.6455740103002731
cheat,6138,0.539164030701345
check,170582,0.7446806160230846
checked,22267,0.6188189479482654
cheek,3556,0.5054216640525232
cheeks,3526,0.5048979549820675
cheep,708,0.40565589048497297
cheer,1905,0.46683971677310226
cheered,573,0.3925784607076384
cheers,9996,0.5693102260538271
cheese,8663,0.5604630550195018
chef,1419,0.4486334403194673
chess,11302,0.576900749933587
chest,13013,0.5856147241678444
chew,2862,0.4920007136242653
chewed,805,0.41359279307978625
chick,3179,0.49849410669333377
chicks,1082,0.4318729116864356
chief,19008,0.6090370210380665
child,64730,0.6847826508572433
chill,3586,0.5059409733868523
chills,708,0.40565589048497297
chime,1078,0.43164396787830167
chimp,338,0.3599501701411792
chin,4748,0.5232915166983468
chip,35545,0.6477293229358573
chips,20593,0.6139878434145833
chirp,299,0.3523715373278828
chirped,49,0.24057192809530722
choice,65533,0.6855447687120559
choir,2132,0.47379872931356015
choke,2960,0.49408192917866606
chomp,218,0.33284125675167864
choo,1,0.0
choose,49681,0.6684263296310952
chop,2332,0.47934139666214465
chopped,3659,0.5071866959590104
chore,582,0.393541827076675
chores,929,0.42244877465375186
chose,13609,0.5883829423592708
chow,3330,0.5013626589694352
chrome,2812,0.49091124662295715
chuck,12546,0.5833555821948836
chug,254,0.3422889751028782
chunk,4238,0.5162673811254432
church,49075,0.6676676878624138
churn,340,0.36031486003399193
chute,1114,0.4336745622037536
clack,116,0.2938420250813162
clam,769,0.41076468707426583
clang,276,0.3474237167606433
clank,89,0.27746396885524605
clap,933,0.42271435941260893
clapped,222,0.33396519239721983
clark,1,0.0
clash,4180,0.5154155605809472
clasp,410,0.37188729611581867
class,94261,0.7080152798039404
claw,2195,0.47559887026150743
claws,2389,0.48083413650700396
clay,10798,0.5740808367633922
clean,36258,0.6489569978471355
cleaned,4545,0.5205904745613334
cleanse,1663,0.45844163747492467
clear,77303,0.6957552643502382
cleared,5458,0.531905956127078
cleat,358,0.3635037207276158
clerk,2716,0.48876406377794834
click,20058,0.6123606851725694
cliff,5133,0.5281110159583237
climb,6145,0.5392344863472923
climbed,2313,0.4788356972246823
cling,1221,0.43934378237623145
clip,7282,0.549728580343027
cloak,3970,0.5122293095180322
clock,24497,0.6247188512533821
clocks,3611,0.5063704232004067
clone,62987,0.6830953294795274
close,84928,0.7015702449828779
closed,27659,0.632223194418973
cloth,11192,0.5762961729324667
clothe,215,0.3319846875139363
clothes,14339,0.5916128721821677
cloud,6302,0.5407939676143988
clouds,4194,0.5156222497167889
clown,2762,0.48980223306741827
club,63265,0.6833675553510865
cluck,131,0.30135914046621365
clucked,17,0.17513439590616536
clue,17914,0.605372802118338
clump,455,0.3783247009910913
clunk,187,0.3233597107871684
coach,8818,0.5615592781785914
coal,4839,0.5244650458281389
coast,22189,0.6186020343242197
coat,10296,0.5711381167033145
cob,461,0.3791345128900259
cock,23324,0.621685737853109
code,148174,0.7359753141480404
coin,6376,0.5415155867981978
coke,1,0.0
cold,34855,0.6465175743979963
cole,3945,0.5118388170158173
colt,1936,0.4678375293699716
comb,1615,0.45663119180212675
come,232042,0.7637011572506499
comes,103586,0.7138465536400845
cone,3541,0.5051603641388395
coo,299,0.3523715373278828
cook,13552,0.5881234934176253
cooked,3468,0.5038726938646851
cool,49549,0.6682618722531358
coop,852,0.41710042509858547
cop,11146,0.5760415858731109
cord,4636,0.5218159025446261
core,19756,0.6114229037480282
cork,1395,0.4475790052421943
corn,4989,0.5263520897232964
cost,99510,0.7113650592980009
cot,543,0.3892542857795573
couch,4972,0.5261410964699385
cough,2216,0.4761874532203714
coughed,319,0.3563738901583364
could,544757,0.8164551962624276
count,34403,0.6457107169345637
coupe,1127,0.4343917428035961
course,195948,0.7532501935672908
court,57768,0.6777487629859485
cow,7263,0.5495670841503562
cows,3718,0.5081754850221822
crab,981,0.4258154363464307
crack,9520,0.5662942738856284
cracked,3235,0.4995735311973263
craft,6909,0.5464783208151789
cramp,384,0.3678375265623114
crane,1825,0.4641877387136098
cranes,453,0.378052388843504
crap,21329,0.6161585574430539
crash,19107,0.6093581373837604
crashed,5415,0.5314170297164507
crate,2139,0.47400135337826776
crawl,3132,0.49757338182643135
crawled,1149,0.4355867929109187
crawls,430,0.37483141241592766
crazed,901,0.42055702788332416
creak,217,0.3325570504692608
cream,9869,0.5685198327827027
crease,1734,0.4610259689626938
creek,8466,0.5590411338107978
creep,1794,0.46312871447824583
crept,653,0.4006571186869724
crew,15254,0.5954366506229267
crib,1281,0.4423090874645511
crick,258,0.3432548503404556
cried,3972,0.5122604426123869
cries,2442,0.4821905072782229
crime,33497,0.6440610116521936
crimp,299,0.3523715373278828
crisp,2038,0.4710114047542515
croak,186,0.3230282635719703
crook,1172,0.436811942384121
crop,4787,0.5237971882217487
cross,29754,0.6367364384965576
crossed,5311,0.5302182722564525
crotch,3637,0.5068139084624608
crouch,1269,0.441727297216615
crow,4668,0.5222411132155035
crowd,12989,0.5855006133608199
crowed,144,0.30720780410470894
crown,8963,0.5625674710287425
crows,1086,0.4321010106815487
crud,1,0.0
crumb,341,0.3604964013026102
crumbs,1,0.0
crunch,1772,0.46236598765849557
crush,3572,0.5056991718476004
crust,1476,0.45106791119070966
crusts,1,0.0
crutch,593,0.3946992435842872
cry,13253,0.5867443940606498
cub,1317,0.44402230818603533
cube,5029,0.5268457218736867
cubs,1351,0.4455978820536676
cuff,836,0.4159285462571034
cup,27793,0.6325219462631936
cups,5727,0.5348798277109298
curb,2043,0.471162874463794
cure,8516,0.5594051364969164
curl,1237,0.4401485424168854
curls,763,0.4102804958973409
curse,7688,0.5530823475491885
curve,7959,0.5552237771651345
curved,2069,0.4719445890137438
cuss,294,0.3513291052456703
cut,99105,0.7111129634190377
cute,11009,0.5752770875904336
da,1,0.0
dab,487,0.38252604632740334
dad,11824,0.579691789034097
dam,3372,0.5021374288303785
dame,2948,0.4938308194594736
damn,30472,0.6382103899057063
damp,1713,0.4602727772199573
dance,26126,0.6286985054944896
danced,1498,0.4519824703518318
dare,8886,0.5620341340510733
dared,1223,0.4394449522147468
dark,71250,0.6907150160178557
darn,4517,0.5202084796994854
dart,1654,0.4581061932885808
darts,1,0.0
dash,3425,0.5031014566518061
dashed,590,0.39438572765845364
date,136275,0.7308006551639619
dawn,8284,0.5576977632257876
day,239112,0.7655564450861878
days,158631,0.7401906782907842
de,1,0.0
dead,72865,0.6921005069481738
deaf,6120,0.5389824894327266
deal,83767,0.7007193831717228
dear,29555,0.6363216217600716
death,77797,0.6961490308683775
deck,28756,0.6346274960308441
dee,1,0.0
deeds,2395,0.48098919032793713
deep,42696,0.6590603227870047
deer,4912,0.5253906045617026
dell,6061,0.5383836717304541
den,18870,0.6085866026272289
dent,2466,0.48279505740285333
desk,13625,0.5884555748212185
dew,1332,0.44472236954758293
dial,12971,0.5854148918035064
dice,14895,0.5939644593806196
did,382594,0.7946119967136249
die,67932,0.68776721770212
died,28768,0.6346532862088975
dig,8930,0.5623394612694527
digs,688,0.40388457279805806
dill,492,0.38315745894233794
dim,4290,0.5170212289748038
dime,2558,0.4850592267882446
din,3776,0.5091323378445668
dine,571,0.39236232497158563
ding,1,0.0
dip,5048,0.5270788233493111
dirt,7643,0.5527194655352778
dish,7238,0.5493539443021479
disk,108081,0.7164723679180414
ditch,1736,0.46109722517523494
dive,8178,0.5569016928991966
do,1360646,0.873038882554039
doc,13266,0.5868049990542256
dock,2544,0.48471998383349607
dodge,6588,0.5435374777176236
doe,4653,0.5220421598492464
does,525613,0.8142437966052231
dog,58315,0.6783313275757178
dogs,32638,0.6424551490073054
doll,5686,0.5344356997933946
dolls,2728,0.48903657600858436
dome,2234,0.4766875303907078
don,1,0.0
done,173969,0.7458959561500011
dong,1,0.0
door,53814,0.6733660142909779
doors,12442,0.5828410334591733
dork,1,0.0
dot,7962,0.5552470727212928
doth,1,0.0
dots,2768,0.489936370026096
doubt,48653,0.6671338390204461
dough,3392,0.5025029813891071
dove,2714,0.4887185280428988
down,293732,0.7782739490787453
doze,278,0.34787003463846294
draft,14142,0.5907577265451265
drag,11909,0.5801345713925369
dragged,3285,0.5005216288865094
drain,14861,0.5938231969346707
drake,6540,0.5430854482258856
drank,2225,0.4764379975029336
drapes,181,0.3213438335311857
drat,174,0.31890575242769653
draw,26593,0.6297936797912007
drawn,11971,0.580455553266795
dream,32424,0.6420485090080135
dreamed,2962,0.49412368180270155
dreams,23465,0.6220583000876729
dress,12385,0.5825571934970124
dressed,6797,0.5454680469277797
drew,9788,0.568010393529507
dried,4284,0.5169347142545452
drift,3323,0.5012325812714303
drifts,322,0.3569525036579339
drill,5863,0.5363305943905805
drink,19873,0.6117879065311077
drip,1349,0.4455063046183486
drive,171709,0.7450876701582072
drives,43188,0.6597685616534987
drool,1147,0.43547910166846393
drop,47323,0.6654205171331099
dropped,19264,0.6098639866496944
drops,7543,0.5519053518643148
drought,1070,0.43118352062802195
drove,6722,0.5447821745439407
drown,1416,0.4485026153869644
drowned,2177,0.4750898712118909
drug,37440,0.6509399908521294
drum,8301,0.557824486318476
drums,6104,0.5388206706033151
dry,19383,0.6102446619618502
duck,6830,0.5457674365199505
ducks,2222,0.47635459552374076
dud,410,0.37188729611581867
dude,6893,0.5463350029534784
due,100776,0.7121465270522227
dug,2869,0.4921517181672499
duke,12036,0.5807902863911384
dull,4645,0.5219357889775956
dumb,12450,0.5828807665523199
dump,10073,0.5697845655511602
dumped,4483,0.5197414326429353
dune,2292,0.47827191051162116
dunk,1069,0.43112572281405476
dusk,796,0.41289780410019084
dust,18646,0.6078484285023125
dwarf,4769,0.523564315272489
dwell,1488,0.45156843827794435
dye,1751,0.4616290445514051
each,303526,0.7803014414186752
ear,11313,0.5769608836843279
earn,11988,0.5805432740443264
ears,12269,0.581975497643306
earth,61681,0.6818001610847808
east,49099,0.6676979108177864
eat,35551,0.6477397563933256
eats,3465,0.5038191977492438
ed,1,0.0
edge,37878,0.6516589469851684
eek,1,0.0
eel,2423,0.48170767629591266
egg,14968,0.5942666719036913
eggs,8215,0.5571807327226098
eight,17471,0.6038249502937667
eighth,2413,0.4814520317730044
elf,7240,0.5493710225610036
elk,1185,0.4374938261318292
else,176435,0.7467660244639595
elves,1,0.0
em,1,0.0
end,227505,0.7624805523177759
ends,27526,0.6319252374136288
etch,399,0.37020619786814296
eve,7831,0.5542215653492502
ex,1,0.0
eye,41053,0.6566346298465148
eyed,1220,0.43929313529635233
eyes,58028,0.6780263522630867
face,77707,0.6960774786407913
faced,6837,0.545830757415623
fact,184511,0.74953263948508
fade,3506,0.5045463342527654
fail,18679,0.6079577325896613
failed,27280,0.6313703152344196
faint,2514,0.48398670408957584
fair,45322,0.6627498804198564
faith,29741,0.6367094247353763
fake,7854,0.5544028519851851
fall,46060,0.6637483326946337
falls,15233,0.5953514923513009
false,1,0.0
fame,6090,0.5386787307991938
fan,37453,0.6509614505841742
fang,918,0.42171247755327185
far,176813,0.7468983167190688
fare,5310,0.530206632155197
farm,10865,0.5744632031909861
fart,1321,0.4442097677915202
fast,77004,0.6955157076789938
fat,29357,0.635906108177879
fault,19969,0.6120857945993566
fawn,389,0.36863721116314896
fear,34538,0.6459528080830401
feast,1912,0.4670664413148
fed,14447,0.5920767105159517
fee,27167,0.6311137325896298
feed,20085,0.612443837837049
feeds,4326,0.5175377898432564
feel,162049,0.7415084458022037
feels,16640,0.6008125361593687
feet,40144,0.6552505402335734
fell,16828,0.6015070082910047
felt,50232,0.6691081283298822
fence,5278,0.5298329868465723
fern,570,0.3922539730463245
fetch,3203,0.49895902714909335
fetched,1,0.0
few,264494,0.7717927199510637
fib,210,0.33053015552186044
fie,1,0.0
field,79921,0.6978140593768692
fields,25420,0.6270051074394172
fierce,2398,0.4810665716326817
fifth,8864,0.5618809030243541
fig,1888,0.4662856129425754
fight,40282,0.6554626717560039
fights,4159,0.5151042252524091
file,311711,0.7819462828161668
fill,26444,0.6294463591243541
filled,18921,0.6087534441793495
film,52692,0.6720635764227322
filth,1033,0.4290081691636795
fin,3678,0.5075068494327899
finch,1266,0.44158099002988865
find,378726,0.7939838730876422
finds,11955,0.5803728786644391
fine,111802,0.7185647049630733
fink,820,0.41473402101781
fir,707,0.4055685197883999
fire,62708,0.6828209137004475
fired,9942,0.5689753875475824
first,518925,0.8134522069300844
fish,30615,0.6384997976839273
fist,6037,0.5381384153034436
fit,42663,0.6590125273090759
fits,10269,0.5709758021482549
five,62707,0.6828199279370614
fix,35996,0.648508703290238
fixed,30689,0.6386490308262758
fizz,148,0.3089014650508395
flag,15312,0.5956712420146737
flair,5010,0.5266117380514955
flake,635,0.39892926452473054
flame,34638,0.6461315255590234
flap,1409,0.4481962761385927
flapped,66,0.2589824920313661
flash,17728,0.6047276279263455
flashed,1072,0.4312989543824533
flat,26257,0.6290076802312669
flea,3444,0.5034434229899917
fleas,2677,0.4878700094223794
fled,2251,0.47715613949248403
flee,1507,0.4523527428851216
flesh,11267,0.5767090251564048
flew,4964,0.5260415557760704
flex,2763,0.4898246094504805
flick,2253,0.47721103714932
flies,5158,0.528411350615478
flight,30146,0.6375455113139942
flinch,357,0.36333081220219066
fling,767,0.41060371105221244
flip,5995,0.537706861054534
flirt,468,0.3800660769203201
float,5605,0.5335487843285799
floats,1361,0.44605374516345603
flock,1861,0.4653952276078148
flood,9582,0.5666955437448536
floor,35636,0.6478873748317336
floors,2166,0.4747767402945983
flop,1546,0.45393211182676674
floss,1245,0.4405470273264847
flour,4626,0.5216824221266737
flow,21064,0.615385735320761
flown,2272,0.4777301475561879
flu,1523,0.453005578075523
fluff,1423,0.44880744397422206
flung,787,0.4121949123602028
flunk,223,0.3342430119998574
flush,4224,0.5160628414433144
flute,3492,0.5042990042270381
fly,29394,0.6359839671532547
foal,264,0.3446759418353489
foam,3660,0.507203587544724
fog,4788,0.5238100999204974
foil,5406,0.5313142050336872
fold,4907,0.5253276503271804
folk,11993,0.5805690506001122
folks,53605,0.673125473965207
fond,4114,0.5144317505701628
food,59725,0.6798081651546916
fool,13691,0.5887542848765963
foot,24213,0.6239980304745285
for,4958037,0.9529684739032808
force,75366,0.6941866209355074
ford,16672,0.6009312965369831
fork,11254,0.5766376613681892
form,118269,0.7220406873276841
fort,8421,0.5587116885957466
forth,22412,0.6192201731910243
fought,8255,0.5574809871443245
foul,4073,0.5138126162727649
found,199982,0.7545098574526242
four,85201,0.7017686290713212
fourth,15702,0.5972259609336765
fowl,418,0.37308182135511203
fox,13960,0.5899570402474487
frame,31448,0.6401592335915334
france,1,0.0
freak,4224,0.5160628414433144
fred,1,0.0
free,244068,0.7668245633135427
freeze,5681,0.5343813189000003
freight,2663,0.48754588635561497
french,1,0.0
fresh,15598,0.5968151776466497
fret,1921,0.46735672769111797
fridge,1600,0.45605437805963583
fried,3168,0.4982798438877033
friend,81054,0.6986842227788379
friends,77338,0.6957832455007824
fright,603,0.3957329592712312
frill,1,0.0
fritz,1,0.0
frizz,39,0.2264621748679656
frog,3127,0.49747462040977736
frogs,1543,0.4538120442768105
from,1894944,0.8935137661276769
front,77890,0.696222881262238
frost,6051,0.5382815997826668
frown,805,0.41359279307978625
frowned,1285,0.44250180705178266
fruit,10729,0.5736845685535502
fruits,4379,0.5182905118724657
fry,4053,0.5135083343020392
fudge,1418,0.4485898627656467
fuel,16553,0.600488498186267
full,155606,0.7390005229753225
fume,223,0.3342430119998574
fun,75697,0.694457510795877
fur,4643,0.5219091676345768
fuss,1987,0.46944483513241414
fuzz,727,0.4072928926209641
gag,3170,0.49831885604269627
gain,23906,0.623209261462084
gal,3234,0.4995544201266734
game,197272,0.7536664646026712
games,126191,0.7260484434973449
gang,7822,0.5541504821218669
gap,6722,0.5447821745439407
gas,25774,0.6278600034409005
gash,261,0.3439694797740768
gasp,2665,0.4875922938334212
gasped,1956,0.46847283565621234
gate,16639,0.600808821218562
gave,52247,0.6715393150520679
gay,30315,0.637891080233808
gaze,2489,0.48336892203833126
gazed,770,0.41084501815449176
gear,15327,0.595731767582551
gee,1,0.0
geese,641,0.3995105988174728
gel,2477,0.4830701791731685
gem,3224,0.49936298374717525
george,1,0.0
germ,646,0.39999090238027435
germs,429,0.37468748974896865
get,978899,0.8526841238728123
gets,86928,0.7030090669823754
ghost,10850,0.5743778040189397
gift,11723,0.5791615024753416
gill,1749,0.46155839910653357
girl,40341,0.6555531439871433
girls,26582,0.629768105279021
give,230879,0.763390561212607
gives,54545,0.6742000432734099
glad,25587,0.6274098793881466
glance,3358,0.5018802496762025
glanced,2020,0.4704630198685728
glass,20769,0.6145139041944068
glaze,505,0.38476957006459006
glazed,475,0.38098381021980515
glide,1429,0.4490675345018394
glob,1,0.0
globe,5453,0.5318493025097547
gloom,3145,0.49782942547686587
glove,2356,0.47997431779770755
gloved,224,0.33451958855761055
gloves,3970,0.5122293095180322
glow,2585,0.4857082696763467
glue,5284,0.529903217595503
gnome,577,0.39300847814639117
go,409672,0.798839042196018
goal,26031,0.6284733235070344
goat,2563,0.48517993519905717
goats,1,0.0
god,129945,0.7278605215917173
goes,89622,0.7048956926808757
gold,53068,0.6725031083205807
golf,10449,0.5720499344319511
gone,51801,0.671009375971741
goo,1374,0.44664138530960157
good,628817,0.8253256419521364
goods,12258,0.581920051614157
goof,717,0.4064367188571976
goose,1791,0.4630252587929514
gore,5183,0.5287102331121534
gosh,3147,0.4978687228447084
got,301022,0.7797893727722947
gourd,186,0.3230282635719703
gown,1302,0.44331422761962386
grab,10231,0.5707466349797967
grabbed,6847,0.5459211034672722
grace,11820,0.5796708738731684
grade,14835,0.5937149544705969
grain,6578,0.5434435771108772
gran,1,0.0
grand,22147,0.6184849186352509
grape,1638,0.4575053160659823
grapes,1282,0.44235732371946423
graph,4546,0.5206040736720547
grasp,5766,0.5352993499935774
grass,7355,0.5503451704522947
grate,735,0.4079693946675227
grave,7528,0.5517823047315187
gray,12666,0.5839440184093325
graze,264,0.3446759418353489
grease,2966,0.49420710254077976
greased,743,0.4086385731380875
great,260268,0.7707970883589157
greed,4308,0.51728004899368
green,90774,0.7056851954270735
greens,2068,0.47191470515648576
greet,922,0.4219812377920173
grew,10673,0.5733610815596294
grey,12686,0.5840415488138101
grief,3904,0.5111930205804741
grill,1496,0.45189988549314253
grilled,370,0.3655417544726919
grime,308,0.3542047287326394
grin,8804,0.561461059271821
grind,3061,0.4961559621318084
grip,7901,0.5547716621689471
grits,229,0.33588420815923853
groan,1015,0.4279215536488308
groaned,1084,0.4319870663957655
groat,94,0.28084266537349134
groom,1693,0.45954681752515536
groomed,806,0.41366953394319245
groove,2244,0.4769636128395229
gross,8315,0.5579286517987685
grouch,242,0.33929735466399746
ground,48768,0.6672797767631982
group,284244,0.7762442761802396
grove,3901,0.5111455012257692
grow,24804,0.6254887088974789
growl,617,0.3971517209032241
grown,10656,0.573262544253557
grows,5602,0.5335156899630882
growth,36595,0.6495288815546796
grub,185,0.32269502957070045
gruff,207,0.32964071920503224
grump,1,0.0
grunt,1109,0.4333964926501136
guard,16068,0.598650273317188
guess,98364,0.7106490430028762
guest,14823,0.5936649324103843
guests,6317,0.540940924076833
guide,53203,0.6726601595717421
guilt,5017,0.526698045695464
gull,282,0.34875311762186306
gulp,680,0.40316158493598325
gulped,277,0.34764727851439725
gum,2608,0.4862558332118234
gump,1,0.0
gun,47275,0.6653577862378205
gunk,424,0.373962806683133
gust,299,0.3523715373278828
gut,3727,0.5083249364899619
guts,3720,0.5082087276997967
guy,84153,0.7010035725289808
guys,58721,0.6787602023190794
gym,3550,0.5053172765959099
ha,1,0.0
hack,9826,0.5682499126204874
had,753478,0.8365054308238487
hail,3227,0.4994204769376795
hair,42604,0.6589269825783691
haired,1,0.0
half,71927,0.6912995917910185
hall,33444,0.643963128954478
halt,4029,0.5131412077141508
ham,6779,0.545304130267848
hand,124849,0.7253875432835548
hands,58005,0.6780018464855594
hang,17804,0.6049920616051091
hard,176371,0.7467435977222056
hare,1947,0.46818775556199327
hark,652,0.40056238340784067
harm,12380,0.5825322329646585
harp,1668,0.45862721178882604
has,1175963,0.8640218278444975
haste,777,0.4114044315428821
hat,11749,0.5792984472907163
hatch,2610,0.4863032189999119
hate,44131,0.6611037483290837
hats,2560,0.4851075384417662
haul,1935,0.4678055920106797
haunt,955,0.42415502278311046
have,3003874,0.92199265956526
hawk,3598,0.5061474816775838
hay,12770,0.584449504382589
he,1178719,0.8641665281051345
head,109090,0.7170467681754013
heads,17891,0.6052933864155677
heal,4320,0.5174519955789157
health,60951,0.6810642144147894
heap,4316,0.5173947331778459
hear,90310,0.7053684130468738
heard,133758,0.729648260820275
heart,45784,0.6633768130649046
hearts,8056,0.5559725882552506
heat,28373,0.6337986557977093
heck,12964,0.5853815235125289
hedge,796,0.41289780410019084
heel,4378,0.5182763940792025
heels,4620,0.5216021953048549
height,12053,0.5808775337698207
held,58945,0.6789955553082956
hell,62007,0.6821260076926811
help,335484,0.7864895308080389
helped,20969,0.6151063161993611
hem,1792,0.46305976326358467
hen,1306,0.4435038435889638
hens,371,0.3657085960248124
her,594845,0.8218924868532901
herbs,2417,0.48155441648797953
herd,2304,0.4785947037126745
here,477383,0.8082943674689261
hers,3437,0.5033176553829556
hey,58422,0.6784446452197974
hi,85983,0.702333395365462
hick,432,0.37511825635308066
hid,1606,0.4562857498489167
hide,14078,0.5904773472917717
hides,1981,0.46925789519900785
high,185511,0.7498667542567851
hill,31347,0.6399603866803227
hills,10412,0.5718306593802189
him,368958,0.7923686428377282
hind,12918,0.585161796919486
hinge,956,0.42421971641280865
hint,10532,0.5725390104187696
hip,6837,0.545830757415623
hire,11830,0.5797231485126766
his,842728,0.8434252485103667
hiss,1135,0.4348289842908944
hissed,551,0.39015835684945105
hit,64136,0.6842127840804862
hitch,1586,0.45551111869011107
hive,3723,0.5082585582204593
ho,1,0.0
hoarse,213,0.3314069752946028
hoe,1023,0.42840685355098185
hog,2409,0.481349477195297
hogs,705,0.4053934070437154
hold,71051,0.6905421269338964
hole,25791,0.6279007617427005
holes,11814,0.5796394878569905
holmes,1,0.0
home,190435,0.7514860999760885
homes,9839,0.5683316407633818
honk,433,0.37526118071163056
hoo,1,0.0
hood,7564,0.5520772073941157
hoof,430,0.37483141241592766
hook,11611,0.5785680932002808
hoop,1280,0.4422608135397748
hoot,964,0.42473484237332915
hop,4486,0.5197827849184441
hope,150676,0.7370103761322371
hoped,5532,0.5327384149423804
hopped,716,0.4063504456296072
hops,1981,0.46925789519900785
horn,9174,0.5640058017678377
horns,2351,0.4798429925782802
horse,23856,0.6230798389502219
hose,3875,0.5107321293931385
host,35397,0.6474714052738932
hot,51547,0.6707055291623781
hound,2576,0.48549267836390797
hour,46821,0.66476128654192
hours,77068,0.6955670621718252
house,104154,0.7141845806909503
how,747701,0.8360296639537648
howl,3226,0.49940131848175845
howled,274,0.34697415290610994
hoy,1,0.0
huffed,1,0.0
hug,3802,0.5095565104500943
huge,38162,0.6521206900879812
hugged,1315,0.4439283647674457
hugs,1,0.0
huh,14282,0.5913666581548621
hum,2851,0.49176267295451076
hump,768,0.41068425146430276
humph,84,0.2738898661000081
hunch,732,0.40771657322088023
hung,8536,0.5595501395132891
hunk,937,0.42297880797651105
hunt,15347,0.5958123762625981
hurl,517,0.386221255352503
hurt,28019,0.6330225630323172
hurts,5529,0.5327048837468011
hush,518,0.38634070419650174
hushed,242,0.33929735466399746
husk,268,0.34560550457847056
hut,1869,0.4656603851512714
hymn,2289,0.4781909481457126
ice,38057,0.6519503768157774
iced,566,0.3918186560533456
if,2311233,0.9057896739081116
ill,11083,0.5756912021265133
in,8015302,0.9826607333043217
inch,16320,0.5996122118903291
ink,5597,0.5334604932833474
inn,10054,0.5696678585663109
is,6474136,0.9694609767372159
it,4709219,0.9497857668309454
itch,759,0.4099555818376636
its,388806,0.7956075932255773
ives,1,0.0
jab,1143,0.43526315469763016
jack,1,0.0
jail,9660,0.5671966951321408
jake,1,0.0
jam,10905,0.5746903591931796
james,1,0.0
jane,1,0.0
jar,2938,0.49362077930653786
jaw,2303,0.4785678685668072
jaws,1547,0.45397208257341287
jay,17006,0.6021574267077697
jazz,13760,0.5890650369258845
jean,1,0.0
jeans,4241,0.516311123142271
jeep,2640,0.48700968106118403
jerk,4773,0.523616140685321
jet,12299,0.5821264617956786
jig,888,0.4196586422012026
jill,1,0.0
jim,1,0.0
jinx,492,0.38315745894233794
jo,1,0.0
joan,1,0.0
job,152136,0.7376064571682719
jobs,42368,0.6585836148739722
joe,1,0.0
jog,657,0.40103461456266565
john,1,0.0
join,43730,0.6605394959330104
joined,11089,0.5757246577060063
joke,20263,0.6129892476825762
jokes,7332,0.5501515651434483
josh,5868,0.536383287904584
jot,542,0.38914034149377413
joy,11704,0.5790612352067485
joys,1002,0.4271247237276517
judge,28178,0.6333723529739276
jug,838,0.4160762518412041
juice,7654,0.5528083669473299
jump,26856,0.6304020134341525
jumped,6076,0.5385364643208972
jumps,5180,0.5286744434223369
june,1,0.0
junk,12376,0.582512257279387
just,1020540,0.8552592467601746
kart,1,0.0
keep,183907,0.749329955864838
keeps,20280,0.6130410865173774
kept,38549,0.6527443950095356
key,95994,0.7091414308927512
kick,19878,0.6118034570223809
kid,20834,0.6147070615392662
kids,49812,0.6685891096842953
kill,70816,0.6903373367951445
killed,35250,0.6472141605933943
kilt,429,0.37468748974896865
kin,1680,0.4590703302278346
kind,131850,0.7287601506265606
kinds,20789,0.6145734015352862
king,52584,0.6719367479688452
kiss,12849,0.584830735603462
kissed,4685,0.5224658223003549
kit,24867,0.6256455139472239
kite,2347,0.47973773115219
kites,1,0.0
kits,7217,0.5491743371321057
knave,148,0.3089014650508395
knead,464,0.37953547488529893
knee,7177,0.5488307777787289
kneel,734,0.4078852356925972
knees,9041,0.563103083254243
knew,56519,0.676397608329642
knife,7121,0.5483465640254004
knight,18287,0.6066466741411365
knit,1113,0.43361904827318415
knives,2723,0.4889231752108026
knob,2050,0.4713743104396624
knock,6913,0.5465140984214645
knocked,4111,0.5143866577359192
knot,2002,0.4699097264502419
know,800101,0.8402166744556955
known,84924,0.7015673335184245
knows,66803,0.686731250882471
knox,1,0.0
la,1,0.0
lab,24768,0.6253989270987843
lace,3286,0.5005404433007573
lack,41017,0.6565803997645366
lad,2330,0.47928835954388926
laid,9980,0.5692112035936696
lair,1489,0.45160996650089325
lake,21615,0.6169819219194321
lakes,3786,0.5092958257936999
lamb,3445,0.5034613689205965
lambs,833,0.4157063240014726
lamp,6658,0.5441908180933821
land,75076,0.6939483058122199
lands,15278,0.5955338309246682
lane,14140,0.5907489839162264
lanes,2014,0.4702791384512678
lap,6365,0.5414088506704491
large,134355,0.7299235437885621
lark,660,0.40131623125720123
last,291285,0.7777568304519954
latch,1280,0.4422608135397748
late,55031,0.674748378112356
laugh,13450,0.58765648095492
laughed,6543,0.5431137971177075
launch,13020,0.585647966845459
law,125413,0.7256661599514646
lawn,2664,0.4875690944495743
lay,15007,0.5944275244077233
lead,48780,0.6672949852163527
leaf,7052,0.5477446798840588
league,25385,0.6269199379932615
leak,5144,0.5282433430172991
lean,4548,0.5206312629214637
leaned,3217,0.4992286246497998
leap,6091,0.5386888801724266
leaped,620,0.3974515505494337
leapt,716,0.4063504456296072
learn,71508,0.6909384462257193
learned,28191,0.6334008648106533
learnt,1,0.0
leash,2003,0.4699405952436597
least,201525,0.754984970665746
leave,76507,0.6951154491719793
leaves,19853,0.611725665416717
led,23399,0.6218841887572468
lee,1,0.0
leech,1533,0.4534101263619476
leeds,1,0.0
left,132018,0.7288388633213095
leg,17839,0.6051134608817746
legged,503,0.38452427308581527
legs,26452,0.6294650568732971
lend,2984,0.494581108937409
length,50774,0.6697715328832436
less,158429,0.7401119134972979
let,206686,0.7565480983789706
lets,23649,0.6225411278336948
lick,4419,0.5188525958320452
licked,2601,0.4860896963090741
licks,1,0.0
lid,2899,0.4927947346194513
lie,21912,0.6178255025896182
lies,20385,0.6133603076640911
life,219562,0.7602838064525977
lift,9807,0.568130269085642
light,96806,0.7096621142941464
lights,15049,0.5946002833581047
like,1060832,0.8576528135042104
liked,23899,0.6231911586148575
likes,16027,0.5984923417741101
limb,2128,0.4736826452277368
lime,2087,0.4724800426195879
limp,1597,0.45593836659449055
line,239805,0.7657353389524316
lined,2519,0.4841095230402416
lines,83945,0.7008505965729414
lint,1005,0.42730952134670325
lip,3324,0.5012511805667518
lips,14797,0.5935564122139848
list,317097,0.7830052465268399
lit,5377,0.5309817127234718
live,128443,0.7271418596445094
lived,20076,0.612416132708834
lives,41677,0.6575671365599203
load,40669,0.6560537081462869
loads,9167,0.5639586175004857
loaf,1224,0.4394954751088829
lock,18222,0.6064265660316251
locked,10625,0.5730824532015404
locks,6587,0.5435280940731981
lodge,3577,0.5057856381612296
log,21913,0.6178283235711376
logs,4094,0.5141305084655263
lone,6449,0.5422192945618065
long,273918,0.7739568685079191
longed,498,0.3839067379046323
look,253525,0.7691744860924296
looked,64530,0.6845913625797762
looks,70952,0.690455936332467
loom,644,0.3997992285599253
loop,16306,0.5995591617672005
loose,25760,0.6278264175897431
lord,38010,0.651873989053046
lose,38348,0.6524212408016594
loss,30003,0.6372515903184125
lost,78091,0.6963821926289004
lot,232889,0.7639263827467078
lots,70144,0.689747952122041
lou,1,0.0
loud,11932,0.5802538398682182
love,165831,0.7429345393856929
loved,18376,0.6069467872921115
loves,10792,0.5740464793243227
low,86111,0.7024253484890278
luck,60630,0.6807378051357994
luke,1,0.0
lump,2580,0.48558858956629075
lunch,11095,0.5757580951883585
lung,13501,0.5878904282219782
lurch,296,0.35174818995283086
lure,5052,0.5271277855360565
ma,53322,0.6727982672310993
mac,1,0.0
mack,2134,0.4738566897093064
mad,17812,0.6050198310384308
made,271085,0.7733142196218933
mag,9426,0.5656808847916672
maid,1715,0.4603449064668046
maids,421,0.3735238834837021
mail,260347,0.7708158483480928
main,74095,0.6931352637147531
make,520910,0.8136882106090397
makes,134407,0.7299474635944267
male,58588,0.678620036325427
mall,7768,0.5537222575861003
malt,1883,0.4661216914528947
man,188877,0.7509782967225878
mane,513,0.38574113831723267
map,25879,0.6281113173425654
march,74696,0.6936346335868807
marched,1246,0.44059665780489105
mare,1431,0.4491539887222739
mark,103560,0.713831036239755
marks,13592,0.5883056767429402
mars,1,0.0
mash,1628,0.45712677993184253
mashed,832,0.41563207203154223
mask,12362,0.5824422915022125
masked,1191,0.4378060225405689
mat,3515,0.5047048111428182
match,35070,0.6468977020991491
mate,5180,0.5286744434223369
math,18405,0.6070442630725397
max,1,0.0
may,536230,0.8154799664578396
maze,6473,0.5424489116314082
me,1303960,0.8704084298000481
meal,6529,0.5429813909156935
meals,4001,0.5127101192394825
mean,151694,0.7374266056585169
means,130929,0.7283268464066267
meant,36602,0.6495407045338744
meat,14862,0.5938273563235317
meet,48216,0.6665761119396365
melt,2782,0.4902482289237721
men,98322,0.7106226433622722
mend,358,0.3635037207276158
mess,13191,0.5864545345848022
met,33945,0.6448822630597448
mew,136,0.30367457061213954
mice,4182,0.5154451299465119
might,277739,0.7748131903375841
mike,1,0.0
mild,5334,0.5304853913989035
mile,9658,0.5671838957206581
miles,35567,0.6477675703402094
milk,15196,0.5952011655475299
milked,1,0.0
mill,4854,0.5246563637076771
mime,9919,0.5688322185169348
mind,131157,0.7284343971210734
mine,89231,0.7046254192306084
mint,84436,0.7012111019978496
miss,30937,0.6391465527366726
missed,27029,0.6307989324207568
mist,3267,0.5001819865071212
mit,1,0.0
mitt,164,0.31524700669396627
mix,19760,0.6114354181235209
mixed,15135,0.5949525284901697
moan,2142,0.47408798935255375
mole,1537,0.4535712072544923
mom,15796,0.5975949116263113
moms,1,0.0
month,76301,0.6949487844977983
months,100611,0.7120452351388876
moo,2183,0.47526000367947524
mood,7397,0.5506971534825696
moon,30690,0.6386510450251887
moose,3476,0.5040151242445995
mop,724,0.40703728333516837
more,1076712,0.8585712848050921
morn,358,0.3635037207276158
moss,3716,0.5081422244577347
most,495366,0.8105801399473371
moth,516,0.386101575242447
mound,1433,0.44924032219655124
mount,18146,0.6061682109716096
mouse,37839,0.6515952683989319
mouth,34158,0.6452689299110349
mouths,2196,0.47562702546925195
move,80092,0.6979461777367814
moved,34885,0.646570756010856
moves,19644,0.6110714686469135
mow,762,0.4101994273512499
much,483899,0.8091323965368428
muck,1236,0.4400985506975942
mud,11446,0.5776833632609218
muff,349,0.3619298512176308
mug,1643,0.457693718398766
mule,1489,0.45160996650089325
mum,1451,0.45001194500073366
mumps,976,0.4254995707764913
munch,1220,0.43929313529635233
mush,2550,0.48486560170421594
must,306095,0.7808224308601465
mutt,443,0.3766725378545128
my,1768939,0.8892603325432498
myth,8163,0.5567882088255847
nab,320,0.35656736373579206
nail,4604,0.5213877466681445
nails,4369,0.5181491886341043
name,297696,0.779102578660495
named,32211,0.6416410953461473
names,65156,0.6851881322968547
nap,1645,0.45776891884299736
nate,1,0.0
naught,468,0.3800660769203201
nay,3177,0.49845520501959273
near,78063,0.6963600245995255
neat,11902,0.5800982265674387
neck,14842,0.5937441153231605
necks,1025,0.42852758553767106
ned,1,0.0
need,415851,0.7997644204591595
needs,89633,0.7049032792177504
neigh,79,0.27009635955961375
nerd,1,0.0
nest,2559,0.48508338733478407
nests,333,0.35902891974360013
net,117270,0.721516329891585
new,709085,0.8327517658930039
news,149045,0.7363376113628078
newt,8879,0.5619854199137093
next,188010,0.7506938958845618
nice,113120,0.7192891586222006
nick,17832,0.6050892000924333
niece,670,0.4022457940003229
night,97525,0.7101195298734567
nights,13906,0.5897174650601092
nine,14716,0.5932171035749308
ninth,1915,0.4671633549863908
nip,737,0.4081373696554908
nit,1,0.0
no,1157550,0.8630462868864914
nob,1,0.0
nod,2134,0.4738566897093064
noise,20804,0.6146179869897239
non,1,0.0
none,90591,0.7055604513533239
nook,238,0.3382670848558104
noon,4849,0.5245926568510288
noose,310,0.35460482564744233
nope,11115,0.5758694230122986
nor,54812,0.6745018908562277
north,77221,0.6956896588702659
nose,13920,0.5897796663595057
not,2605565,0.9131993096141972
notch,2065,0.4718249668041159
note,131658,0.7286700703591916
noun,1524,0.4530461522532413
now,599477,0.8223719679187202
nude,6497,0.5426776789211682
nun,1948,0.46821949613138614
nurse,6641,0.5440327834365719
nut,4432,0.5190341781223627
nuts,8408,0.5586161877332132
oak,6451,0.5422384619286374
oar,221,0.33368611852575925
oat,276,0.3474237167606433
oats,904,0.4207625064909267
odd,16316,0.5995970593574589
odds,8296,0.5577872417806653
of,11003607,1.0022480165343917
off,312897,0.7821810296991493
oh,113531,0.7195133437631784
oil,34786,0.6463950827719265
oink,429,0.37468748974896865
old,238322,0.7653518777406677
on,3536062,0.932075319657771
once,188863,0.7509737147000013
one,1428619,0.8760522689303462
ones,82908,0.7000822228675334
oops,7764,0.553690418925837
ooze,2455,0.4825187056591457
or,2616966,0.9134691983597837
ouch,2358,0.48002676986494847
ought,15182,0.5951441896658556
ounce,2261,0.4774301415259366
our,524610,0.8141257260227714
ours,6848,0.5459301308141351
out,1090660,0.8593669065450894
ow,1863,0.4654616237017757
owe,4784,0.5237584369358483
owl,3876,0.5107480795306375
own,284271,0.7762501476117926
ox,1191,0.4378060225405689
pa,31548,0.6403554835421834
pace,7203,0.5490543084389862
paced,1330,0.4446294848456064
pack,30419,0.6381027817870458
packed,7118,0.5483205166519405
pad,7195,0.5489856158273504
page,157109,0.7395947272570911
paid,50045,0.6688775794889994
pail,497,0.3837824870938847
pain,36597,0.6495322597794884
pained,222,0.33396519239721983
pains,2260,0.47740279591277907
paint,15965,0.5982527493906906
paints,1414,0.4484152446903913
pair,23220,0.6214094940630343
pairs,7633,0.5526385349692078
pal,12346,0.5823622335243269
pale,5425,0.5315310791169483
palm,5991,0.5376656030803447
pan,10048,0.5696309579040663
pans,1068,0.4310678709076005
pant,537,0.3885674480739961
pants,10127,0.5701150610816951
park,46461,0.6642841650566786
part,249068,0.7680781095141147
pass,48575,0.6670346586995087
passed,30332,0.637925734904463
past,89391,0.7047361599439665
paste,6657,0.5441815331128863
pat,17026,0.6022300815792446
patch,25239,0.6265633885454961
patched,1830,0.4643568626427326
path,43723,0.6605296002563917
paul,1,0.0
pause,4818,0.5241962020972883
paused,1806,0.46354081438810923
pave,750,0.40921822012189435
paw,1964,0.4687251411392847
paws,1402,0.44788841118151823
pay,133803,0.7296690535674638
pea,944,0.42343888804058405
peace,40409,0.6556572530770738
peach,1813,0.463779943342164
peak,8420,0.5587043476115285
peal,205,0.3290405712138273
pear,972,0.42524571104584125
pearl,10739,0.5737421563698398
pears,308,0.3542047287326394
peas,1458,0.4503094383922216
pease,1,0.0
peck,1068,0.4310678709076005
pee,3160,0.4981235485894317
peek,1955,0.468441224938298
peeked,348,0.3617524773296879
peel,2814,0.49095519597250453
peep,623,0.39774993290289967
peered,473,0.38072298807109556
peg,1351,0.4455978820536676
pell,1,0.0
pen,7903,0.5547873075138888
pep,865,0.41803648474197425
per,119423,0.7226409161168861
perched,509,0.385257262989051
perm,8528,0.5594921791175429
pest,1076,0.4315291772092239
pet,14818,0.5936440779324245
pete,1,0.0
pets,4868,0.524834394401707
pew,277,0.34764727851439725
phone,141620,0.7331788241200606
phrase,12898,0.5850660194637979
pick,45298,0.6627171381065589
picked,20152,0.6126496977462157
picks,6749,0.5450299661983625
pie,4936,0.5256918956091982
piece,46130,0.6638422047818227
pierce,4990,0.5263644786916782
pies,719,0.4066089049226666
pig,6376,0.5415155867981978
pigs,4275,0.5168047147165485
pile,5667,0.5342287973905653
piled,718,0.40652287184331687
pill,2806,0.49077921077880604
pin,24743,0.6253365018167378
pinch,1993,0.46963121142697495
pine,7921,0.5549279377104921
ping,5116,0.5279059516902359
pink,13067,0.5858707058915467
pins,7570,0.5521262213447751
pint,1471,0.450858156128451
pip,845,0.4165904595630316
pipe,12206,0.5816572677494822
pipes,5056,0.527176708971562
piss,6980,0.5471103153454573
pit,15283,0.5955540576051059
pitch,8753,0.561101936243811
pits,2073,0.4720639801808144
pitt,1,0.0
place,195200,0.753013774130153
placed,27616,0.6321270194715223
plaid,778,0.41148393606514033
plain,23527,0.6222214136896029
plan,63173,0.6832775988712811
plane,18678,0.6079544231827203
planes,7917,0.5548967141929526
plank,596,0.3950111774213412
planned,13958,0.5899481836305507
plans,31001,0.6392742980913882
plant,25226,0.6265315410525515
plants,17050,0.6023171548522891
plaque,952,0.4239605346597931
plate,10420,0.5718781361548527
plates,5244,0.5294334983327609
play,149547,0.7365454604513224
played,66129,0.6861044115420131
plea,1987,0.46944483513241414
please,580705,0.82040534835809
pleased,11564,0.5783173663319086
pledge,2600,0.4860659259732556
plop,496,0.3836579860295727
plot,17285,0.6031633290102573
plow,764,0.4103614582632495
plowed,396,0.3697396691817292
plows,155,0.3117581007454509
pluck,533,0.3881052795095774
plucked,501,0.3842779988256603
plug,15793,0.5975831705599173
plum,826,0.4151846773822635
plump,499,0.3840307394658431
plums,1,0.0
plunge,1426,0.4489376260318874
plunged,1074,0.4314141729759875
plus,99585,0.7114116311057748
po,1,0.0
poached,1,0.0
pod,4309,0.5172943961580787
point,256289,0.7698447605999091
points,95564,0.7088639129568233
poke,2584,0.48568435218425715
poked,889,0.41972821424854045
pole,5731,0.5349229869080292
poles,2878,0.49234532640549805
pond,3605,0.5062676270167371
pong,949,0.4237654326855162
pooch,157,0.3125506084921179
poof,583,0.39364794685816185
pooh,1,0.0
pool,16201,0.5991598279551577
poop,1094,0.4325546990119755
poor,53483,0.6729846289838489
pop,22983,0.6207753263237294
pope,1,0.0
popped,2640,0.48700968106118403
porch,1681,0.459107113779967
pork,2768,0.489936370026096
pose,4366,0.5181067285814667
post,275952,0.774414183110609
pot,13162,0.5863184871752389
pots,2566,0.48525224726524996
pouch,832,0.41563207203154223
pounce,860,0.41767813731791903
pound,7612,0.5524682351031163
pounds,14164,0.5908538139428222
pour,11349,0.5771572770426493
poured,2355,0.47994807506433335
pout,335,0.3593990690983315
pox,1213,0.4389374390393179
praise,5985,0.5376036644403583
prance,85,0.27462141023000913
prank,1115,0.43373002632370117
pray,9583,0.5667019945413672
preach,2491,0.4834185724486588
press,77898,0.6962292298649637
pressed,8698,0.5607122940546702
price,153717,0.7382455223539677
prick,3225,0.4993821540861517
pride,8228,0.5572784754721541
priest,14418,0.5919525027507242
prime,22012,0.6181069654087319
prince,11048,0.5754956828714011
print,61834,0.6819533030147505
prize,8218,0.5572033024633344
prized,615,0.39695102346219896
pro,42951,0.659428410630083
proof,28839,0.6348056583167041
proud,16649,0.600845960583735
prove,31646,0.6405472058922355
prune,740,0.40838847937468326
pry,1109,0.4333964926501136
psalm,1,0.0
puck,2019,0.4704324109263607
puff,1197,0.4381166501165146
puffed,352,0.3624589393909599
puke,1278,0.4421641524449658
pull,28191,0.6334008648106533
pulled,24505,0.6247390348403651
pulls,3930,0.5116033319404205
pump,10591,0.572884328809065
pumped,2295,0.47835276697512424
punch,9482,0.5660470405504421
punt,501,0.3842779988256603
pup,1765,0.46212131484669305
pure,21173,0.6157047837157226
purr,376,0.3665361151774741
purred,1,0.0
purse,1863,0.4654616237017757
pus,315,0.3555938828682408
push,19348,0.6101329417840792
pushed,11510,0.5780280360899969
puss,267,0.34537442110361777
put,224208,0.7615781790195828
puts,15761,0.5974577935605365
putt,716,0.4063504456296072
quack,629,0.39834241115302216
quacked,25,0.1989740286476875
quake,3998,0.5126637523732996
quart,1100,0.43289279333267333
queen,17474,0.6038355637877177
queer,2460,0.4826444732661817
quick,37674,0.6513251307742712
quilt,1699,0.45976550203696603
quit,16824,0.6014923132338726
quite,155012,0.7387641038963624
quiz,2916,0.49315616329421297
quote,34046,0.645065913693014
race,46406,0.6642109461078186
raced,1253,0.44094295987327803
rack,11656,0.5788072015990813
raft,842,0.4163706083856935
rag,3828,0.509977792210691
rage,6290,0.5406761503788572
rail,7340,0.5502189749184324
rails,1881,0.46605600094986405
rain,17802,0.6049851172971162
rained,611,0.39654766309109385
rains,1317,0.44402230818603533
raise,24838,0.6255733832492296
raised,20467,0.6136084628058375
rake,920,0.4218470037381068
ralph,1,0.0
ram,65791,0.6857876523884937
ramp,2794,0.49051428998388125
ran,30987,0.6392463763445921
ranch,3654,0.5071021687237218
rang,1731,0.46091893039476284
range,58185,0.6781933718364065
rare,36259,0.6489587026820718
rash,2286,0.4781098795996216
rat,7400,0.5507222186005184
rate,87418,0.7033565290513999
rats,7487,0.5514447208010568
raw,12361,0.5824372909151019
ray,23073,0.6210169163558481
reach,34161,0.6452743586870042
reached,27585,0.6320575911030138
read,289583,0.7773945828555914
reads,13485,0.5878171282711561
real,197764,0.7538204398172442
rear,15896,0.5979850098383883
red,103820,0.7139860352307844
reed,6653,0.5441443792379681
reek,161,0.3141057787559425
reel,2753,0.4896004802798662
ref,5666,0.5342178885830658
reins,483,0.38201623100431414
rent,10740,0.5737479122018226
rest,78611,0.6967924463832248
rests,2107,0.47306960128539977
rhyme,1631,0.45724058436570775
rib,1206,0.4385796841732226
rice,16536,0.6004249815510986
rich,36593,0.6495255031452382
rick,1,0.0
rid,20180,0.6127355260457807
ride,23594,0.6223971990738628
rides,3951,0.5119327604344072
ridge,7147,0.5485718493456769
rig,3194,0.4987850914964819
right,388385,0.7955406238050167
rights,92825,0.7070663286788013
rim,3712,0.508075649591273
rind,408,0.3715850228605112
ring,44168,0.6611555529058657
rings,9399,0.565503567437312
rink,2016,0.47034049305435394
rinse,1702,0.459874554857137
rip,8027,0.5557496659259197
ripe,1287,0.44259794199734037
ripped,6041,0.538179359009219
rise,14754,0.5933765173576361
risk,36285,0.6490030118948176
roach,809,0.41389918655731395
road,66723,0.686657180196695
roads,8652,0.5603845147452478
roam,1100,0.43289279333267333
roar,1517,0.4527615721368402
roared,416,0.3727853471295508
roars,208,0.32993862222755943
roast,1485,0.4514436859499619
rob,21935,0.6178903526160141
robe,1642,0.45765608384202694
rock,44286,0.661320478080895
rocked,1010,0.42761629496658143
rocks,7760,0.5536585638581212
rod,19566,0.6108255335564897
rode,2640,0.48700968106118403
role,32942,0.6430282451004244
roll,21721,0.6172843207271739
rolled,6721,0.5447729779720969
rolls,5864,0.5363411366874482
roof,5627,0.5337909364661978
room,85139,0.7017236306547852
rooms,9719,0.5675730904015608
root,27385,0.6316077818958404
roots,11001,0.5752321518265032
rope,6359,0.5413505531896732
ropes,2537,0.48454966162271107
rose,19327,0.610065812629028
rot,2378,0.4805488570693083
rough,10149,0.5702492024507452
round,47081,0.6651035982718237
row,14014,0.5901956904978956
rows,4310,0.5173087399932828
rub,4232,0.5161798041225519
rubbed,3339,0.5015295005215559
rude,7347,0.5502778982295926
ruff,1,0.0
rug,1449,0.44992668325268587
rule,45324,0.6627526081632779
rules,80233,0.6980549054219144
rum,958,0.42434890090608474
rump,848,0.41680953158512435
run,223339,0.7613381278437054
rung,564,0.39159984252385444
runs,47698,0.6659084230575021
runt,265,0.34490964630100257
rush,27950,0.6328701493593654
rushed,2338,0.4795002355269336
rust,4189,0.5155485114788496
rye,1259,0.4412382538625517
sac,1414,0.4484152446903913
sack,2221,0.476326769839033
sad,17184,0.602801072583953
safe,33170,0.6434546070496292
sag,870,0.4183927667515403
said,352358,0.7895229935382803
sail,3553,0.505369492359286
sailed,1016,0.42798242490686095
saint,6329,0.541058238217756
sake,11449,0.5776995628043736
sal,1,0.0
sale,95392,0.7087525559827427
salt,15259,0.5954569091219558
sam,1,0.0
same,401466,0.7975882828762381
sand,10084,0.569852032178176
sane,3943,0.5118074707892154
sang,5221,0.5291617846753395
sank,1116,0.4337854407223333
sap,3703,0.5079255934642314
sash,308,0.3542047287326394
sat,33313,0.6437205253733933
sauce,5758,0.535213525949892
save,62633,0.6827469377888401
saved,18102,0.6060181419654643
saw,87045,0.7030922100875914
sax,1524,0.4530461522532413
say,359479,0.7907597867167512
says,199459,0.7543479855533202
scab,547,0.3897079741099841
scale,24682,0.6251839190297211
scales,3921,0.511461609086897
scalp,1316,0.44397535432313634
scar,1739,0.4612039557183567
scare,4295,0.5170932321949828
scared,7740,0.5534990418146625
scarf,827,0.41525946838658945
scene,31919,0.6410781752170628
scent,2430,0.48188600046769364
school,119952,0.7229141281061816
schools,30009,0.6372639507978648
scold,183,0.32202312341689754
scoop,2578,0.4855406525669636
scoot,228,0.3356136836244721
score,23265,0.6215291741730902
scored,4658,0.5221085488122753
scout,7492,0.5514859884156039
scouts,3203,0.49895902714909335
scrap,2407,0.4812981360316027
scrape,1141,0.4351548976515115
scratch,8068,0.5560645973382778
scratched,1334,0.44481511488761366
scream,7436,0.5510222099241736
screamed,3195,0.4988044418668182
screech,384,0.3678375265623114
screen,74699,0.6936371161903497
screw,9544,0.5664499133070062
scrub,876,0.4188176121182767
scrunch,28,0.20597941385163637
scuff,326,0.35771565850584924
sculpt,172,0.3181911229940753
sea,36737,0.6497682779039127
seal,6422,0.5419599517132968
seam,1086,0.4321010106815487
search,78524,0.6967239971586089
searched,4816,0.5241705368457117
seat,17185,0.6028046697067994
seats,8374,0.558365716438764
see,580883,0.8204242931593919
seed,8216,0.5571882568851818
seeds,6418,0.5419214378444283
seek,19664,0.611134371631414
seem,122296,0.7241104088914889
seemed,37954,0.6517828504334631
seems,164634,0.7424867304596842
seen,160827,0.7410405386528172
sees,12245,0.5818544603050646
self,29334,0.6358576598809996
sell,77274,0.6957320703693805
send,324165,0.7843679481996546
sense,77531,0.6959373144801164
sent,91674,0.7062950539406304
serve,27118,0.6310021391865973
served,17731,0.6047380875711774
set,288327,0.7771258923753943
sew,1313,0.4438342783603402
sews,1,0.0
shack,4309,0.5172943961580787
shade,6048,0.5382509453027257
shake,5293,0.5300084143341015
shakes,1540,0.4536917430564832
shall,60162,0.6802588089890026
shame,11305,0.5769171558497803
shape,23162,0.6212548971156938
shaped,5194,0.5288412849744574
shapes,3198,0.4988624566599405
share,57770,0.6777509030526813
shark,3256,0.4999735048338339
sharp,12848,0.5848259245548909
shave,1843,0.46479443149842953
she,488053,0.8096607766754783
shear,906,0.4208991137454954
shed,6228,0.5400638247188567
sheep,7525,0.5517576658854337
sheet,17018,0.602201029877366
sheets,8128,0.5565225996128351
shelf,5670,0.5342615122669756
shell,37175,0.6505009107845479
shells,6896,0.5463619003754132
shelve,102,0.2858915730565284
shelves,3046,0.49585230297751437
shield,14025,0.5902441916832277
shin,1606,0.4562857498489167
shine,3207,0.4990361750624264
shines,1130,0.4345560710107877
ship,51300,0.670408616768903
ships,17950,0.6054969004910044
shirt,8156,0.5567351782073753
shit,1,0.0
shock,11042,0.575462103101883
shoe,5210,0.5290314112528613
shoes,11574,0.5783707977100598
shone,398,0.37005107919819946
shook,4214,0.5159163261873911
shoot,23532,0.62223454927637
shoots,1,0.0
shop,27996,0.632971800218671
shore,6112,0.5389016329692237
shorn,90,0.27815464372257853
short,95522,0.7088367396436737
shorts,5534,0.5327607589720957
shot,42215,0.6583599843993373
should,594294,0.8218352018195993
shout,3286,0.5005404433007573
shouts,891,0.4198671238744898
shove,2256,0.4772932923278371
show,178843,0.7476039722992744
showed,22576,0.6196708562684001
shows,64057,0.6841365963562983
shriek,359,0.3636761469413255
shrieked,219,0.333124162314294
shrimp,1994,0.469662219582897
shrink,4086,0.5140095993657854
shrub,281,0.34853352677802407
shrug,1719,0.4604889129560101
shrunk,1,0.0
shush,48,0.23929735185633724
shut,19701,0.6112505736739545
shy,4116,0.5144617941953153
sick,22110,0.6183815611296977
side,112409,0.7188994044157581
sides,22751,0.6201481716132541
sieve,495,0.3835332337015902
sigh,8527,0.5594849302453523
sighed,2221,0.476326769839033
sight,14323,0.5915438584201633
sights,2293,0.47829887441937013
sign,39390,0.654078469834547
signed,27436,0.6317227945203355
silk,3865,0.5105724012486191
sill,440,0.37625250391082093
sin,17450,0.6037506047673097
since,320455,0.7836564118445065
sing,10918,0.57476400552439
sings,3144,0.49780976742055943
sink,8580,0.5598679538767952
sip,907,0.42096730432884133
sir,19873,0.6117879065311077
sit,25659,0.6275835774512541
site,148791,0.736232177820723
sits,5662,0.5341742340914675
six,43680,0.6604687777494199
sixth,4469,0.5195480887396708
size,107006,0.7158544652305975
skate,10329,0.5713359240962205
skates,6718,0.5447453800443219
sketch,2054,0.471494807081199
ski,12348,0.582372246443687
skid,784,0.41195882770327275
skies,2820,0.49108685684769815
skill,18472,0.6072688796797403
skilled,4953,0.5259044250688525
skim,943,0.4233733715982724
skin,24974,0.6259109255247405
skip,8819,0.5615662878466303
skipped,1799,0.4633007567755925
skirt,4929,0.5256041706471376
skull,7303,0.549906586624175
skunk,886,0.4195192627565042
sky,19796,0.6115479336400363
skye,1,0.0
slab,982,0.4258784162372933
slam,4232,0.5161798041225519
slammed,1643,0.457693718398766
slant,1432,0.4491971705315986
slap,3099,0.49691862141205123
slash,3072,0.49637770126828556
slave,13150,0.5862621039932807
slaw,87,0.2760590275257051
sled,2424,0.48173318269509213
sleep,25607,0.6274581778299009
sleeps,1660,0.4583300248820958
sleeve,4252,0.5164712462349572
sleigh,740,0.40838847937468326
slept,3157,0.49806483581864014
slice,3518,0.5047575466138406
slid,4981,0.5262528884863037
slide,10005,0.5693658565578377
slim,3708,0.5080090029459658
slime,1922,0.4673888977452057
sling,783,0.4118799320224485
slip,24292,0.6241993858054508
slipped,5282,0.5298798162105806
slips,1981,0.46925789519900785
slob,380,0.36719024569994413
slop,408,0.3715850228605112
slope,2689,0.48814648289497414
slosh,116,0.2938420250813162
slot,11957,0.580383219038758
sloth,749,0.40913574544984044
slow,43720,0.6605253587671319
slowed,2434,0.48198766949971555
slows,1,0.0
sludge,646,0.39999090238027435
slug,4598,0.5213071362361151
slurp,307,0.35400370495373706
slush,352,0.3624589393909599
sly,1116,0.4337854407223333
smack,2233,0.4766598542059901
small,158743,0.7402343066480614
smart,17783,0.6049191074331419
smash,2574,0.48544466689933174
smashed,1807,0.46357503235606545
smear,1827,0.4642554438217304
smell,9694,0.5674138806150617
smelled,1235,0.4400485185155553
smells,2818,0.49104300104058407
smile,12277,0.5820157908134996
smiled,8380,0.5584099910670393
smiles,2488,0.4833440818702114
smirk,633,0.3987342651278973
smith,45659,0.6632078149020133
smock,164,0.31524700669396627
smog,728,0.4073778613732217
smoke,16649,0.600845960583735
smooth,13505,0.5879087396366228
smoothed,724,0.40703728333516837
smudge,336,0.35958331590399084
snack,1670,0.45870128580312375
snacks,968,0.4249908044679802
snail,10192,0.5705105503228667
snake,5218,0.5291262555484675
snakes,2619,0.486516006671427
snap,8366,0.5583066342287374
snapped,1826,0.4642216005372637
snarl,345,0.36121728128050434
snatch,707,0.4055685197883999
snatched,487,0.38252604632740334
sneak,2640,0.48700968106118403
sneeze,541,0.38902618678444423
sneezed,160,0.31372063883380064
sniff,1869,0.4656603851512714
sniffed,318,0.3561798091275219
snip,5536,0.5327830949280874
snooks,1,0.0
snoop,777,0.4114044315428821
snooze,290,0.3504823145031686
snore,225,0.33479493314443093
snored,1,0.0
snores,1,0.0
snort,589,0.39428086799372475
snot,499,0.3840307394658431
snout,252,0.3418003183483798
snow,20210,0.6128273528874276
snowed,394,0.36942668239896165
snows,349,0.3619298512176308
snuffed,142,0.30634324794822243
snug,1260,0.44128733267222353
so,1261202,0.8683474915564914
soak,2108,0.4730989321317553
soap,8038,0.5558343173344653
sob,1632,0.45727847266449395
sock,1147,0.43547910166846393
socks,3718,0.5081754850221822
soft,22234,0.6187272696771006
soil,7608,0.5524357437712069
sold,189941,0.7513255403856293
sole,7669,0.5529293904622028
solve,20012,0.6122187595376449
some,1042741,0.8565895574629852
son,43981,0.6608932838614191
song,59802,0.6798878080301687
sons,7094,0.5481117415898701
soon,90302,0.7053629370202465
soot,284,0.3491899728502138
soothe,287,0.34983952093763715
sore,3355,0.5018250003733726
sort,78953,0.6970607904247147
sorts,12882,0.5849892905074332
soul,32353,0.6419130025923881
sound,122382,0.7241538624865557
sounds,69416,0.6891030459646369
soup,6047,0.5382407237636309
sour,2341,0.4795795021642556
south,66283,0.6862481972555812
space,113077,0.7192656566782668
spade,1058,0.43048635431856913
spades,915,0.42151013774074125
spain,1,0.0
spank,1472,0.45090016412023715
spare,10606,0.5729718149172681
spark,3275,0.5003331691139011
spat,689,0.40397435459675274
speak,53715,0.673252190806615
speaks,7963,0.5552548359561582
spear,1635,0.45739199842190276
speck,494,0.3834082290937029
sped,794,0.4127422951941886
speech,36423,0.6492376613634638
speed,91194,0.7059705449859801
spell,21473,0.6165744893466576
spelled,4688,0.5225053921881038
spend,40765,0.6561994511890528
spent,33153,0.6434229181664032
spew,3352,0.501769701645187
sphere,12408,0.5826718823068489
spice,2562,0.4851558123665425
spike,4227,0.5161067283869644
spill,1610,0.4564395179817777
spilled,1190,0.43775409917965413
spin,10684,0.5734247573935954
spine,5168,0.5285310770862485
spins,1,0.0
spit,3741,0.5085567007157976
splash,2083,0.47236145312031963
splashed,472,0.3805921631385927
splat,582,0.393541827076675
split,22190,0.6186048200903498
splotch,32,0.21423362450995692
spoil,1772,0.46236598765849557
spoiled,1961,0.4686306472240156
spoils,1666,0.458553048903464
spoke,12638,0.5838072168034685
sponge,1598,0.4559770612796567
spook,400,0.37036092825565303
spool,4386,0.518389246246621
spoon,2625,0.4866574592675566
spoons,1,0.0
sport,15870,0.5978838208907846
sports,26038,0.6284899438878886
spot,19104,0.6093484310545366
spots,7430,0.5509723123639226
spout,1086,0.4321010106815487
spray,5154,0.5283633950215021
spread,22705,0.6200230625047872
spring,26153,0.6287623551703373
sprint,3007,0.49505573634791905
sprit,1,0.0
spun,1574,0.4550416372621942
spy,5252,0.529527728164323
square,19005,0.6090272641510547
squares,2673,0.48777757612286154
squash,1218,0.43919171647535016
squashed,572,0.39247048730457973
squat,1638,0.4575053160659823
squaw,356,0.3631574186592288
squeak,517,0.386221255352503
squeaked,136,0.30367457061213954
squeaks,1,0.0
squeal,590,0.39438572765845364
squeeze,3915,0.5113669463462923
squeezed,2159,0.4745766461070522
squelch,401,0.37051527229972125
squid,1127,0.4343917428035961
squint,262,0.344205865368205
squirt,1372,0.4465513419469436
squish,1,0.0
stab,1641,0.4576184263583558
stack,14655,0.5929603397173053
stacks,2890,0.4926025310381659
stage,30646,0.6385623581268561
stain,1777,0.4625401629147147
stair,925,0.4221820438945442
stairs,5582,0.5332946069036205
stake,4530,0.5203861280693391
stale,1400,0.4478001674013153
stalk,724,0.40703728333516837
stall,2795,0.4905364101335302
stamp,6822,0.545694990267844
stamped,3750,0.5087052344457381
stand,48717,0.667215099060539
stands,18460,0.6072287097936515
star,81634,0.6991249769987712
stare,2908,0.4929863424249469
stared,3240,0.4996689980233047
stars,22555,0.6196133299560246
start,172476,0.7453631731435885
starts,30546,0.6383603225255937
starve,1495,0.4518585516517265
state,199233,0.754277905708733
stay,49010,0.6675857597423565
stayed,8995,0.5627877710994363
stays,6120,0.5389824894327266
steak,1511,0.4525165991971953
steal,11269,0.5767199968918851
steam,5230,0.5292682496940622
steel,18415,0.607077839802064
steep,3257,0.4999924867954554
steer,2273,0.4777573487700634
stem,3580,0.5058374599534509
step,43957,0.6608595429481016
stepped,5870,0.5364043527395245
steps,19059,0.609202652925026
stew,1557,0.4543703749148739
stick,28280,0.6335957088182179
sticks,5111,0.5278455089773587
stiff,6211,0.5398948639451062
stile,1,0.0
still,363408,0.7914317384157776
sting,2920,0.4932408990957402
stink,1543,0.4538120442768105
stir,4524,0.5203041999492818
stitch,3067,0.4962770093458181
stole,3727,0.5083249364899619
stomp,1501,0.45210614113173136
stomped,587,0.3940706135136893
stone,33009,0.6431538410786387
stones,9995,0.5693040417951521
stood,14396,0.5918581094051272
stooge,196,0.32626537789929
stool,1235,0.4400485185155553
stop,96587,0.709522115041985
stopped,26233,0.6289511531105121
stops,10998,0.5752152924898286
store,53127,0.6725717946253933
stores,24065,0.6236190333009078
stork,247,0.34056150419171155
storm,19847,0.6117069808551034
storms,2261,0.4774301415259366
stout,1931,0.467677677308988
stove,1847,0.4649284472854146
straight,42467,0.6587278870204653
strain,9706,0.5674903524898058
strand,16261,0.5993883344966887
strange,32165,0.6415527556130004
strap,3352,0.501769701645187
straw,3850,0.5103320324783356
straws,547,0.3897079741099841
stray,1887,0.4662528634013938
streak,2492,0.4834433827068825
stream,11581,0.5784081722137024
streams,3829,0.5099939381576377
street,76140,0.6948182135928133
streets,9996,0.5693102260538271
strength,25722,0.6277351639005742
stretch,9425,0.5656743265446149
stretched,4247,0.5163985144257257
strict,8419,0.5586970057554081
strike,16026,0.5984884847399757
string,33205,0.6435197977604157
stringed,189,0.32401732079276874
strings,12855,0.5848595940342075
strip,16097,0.5987617378565465
stripe,1761,0.461981065762061
striped,1023,0.42840685355098185
stripes,2006,0.4700331092407753
strive,2378,0.4805488570693083
stroll,563,0.39149014461124193
strong,69235,0.6889416554594202
struck,7225,0.5492428204600183
strum,288,0.3500545290067003
strut,732,0.40771657322088023
stuck,21402,0.6163697615660517
stuff,140707,0.7327790248067557
stuffed,3274,0.5003142914965504
stump,866,0.418107905613622
stunt,1683,0.4591806152839118
sty,272,0.3465212955141309
style,43236,0.6598372256511554
sub,16327,0.5996387198885754
such,371016,0.7927124795103887
suck,13815,0.5893116237743242
suds,165,0.3156227814532185
sue,10909,0.5747130289495662
suit,18277,0.606612862326742
suits,6184,0.5396255616307495
sulk,155,0.3117581007454509
sum,13673,0.5886729615469587
sun,74084,0.6931260861344734
sure,260477,0.7708467068286787
surf,5924,0.536970406704693
swab,290,0.3504823145031686
swam,695,0.4045103240603153
swamp,5707,0.5346635785572575
swan,1632,0.45727847266449395
swap,13963,0.5899703227939742
swarm,2224,0.4764102093444371
swat,966,0.4248629559063056
swear,5028,0.5268334289915673
sweat,5087,0.527554558414557
sweep,3220,0.499286242883769
sweet,15495,0.596405635735895
swell,1883,0.4661216914528947
swept,2028,0.47070734729154223
swerve,213,0.3314069752946028
swift,4025,0.51307980740363
swim,5117,0.5279180331439116
swims,1,0.0
swine,801,0.4132848733519895
swing,7717,0.5533150810884409
swings,1548,0.4540120274908187
swirl,634,0.39883184171885244
swish,289,0.3502687918123307
switch,39075,0.6535821529230854
swoop,723,0.40695184481771807
swooped,110,0.2905590541068382
sword,16753,0.601230892956526
swung,1271,0.44182464331159066
tack,1604,0.45620872210370406
tag,20784,0.6145585325679678
tail,11268,0.5767145112675719
tailed,1,0.0
tails,2561,0.48513168011656416
take,330817,0.7856235732561394
takes,71657,0.6910671145761978
tale,6203,0.5398151929077722
tales,8260,0.5575184166080988
talk,91548,0.7062100351036223
talked,17381,0.6035056951265142
talks,13420,0.5875184501773554
tall,11347,0.577146382654617
tame,1306,0.4435038435889638
tan,8620,0.5601554648952741
tank,17482,0.6038638575323629
tao,1,0.0
tap,11396,0.5774127439794962
tape,61127,0.6812424513594262
taps,1261,0.44133637254590585
tar,8296,0.5577872417806653
tart,576,0.3929012539086917
tarts,1,0.0
task,21504,0.6166636653159392
taste,19782,0.6115042019385063
tastes,5806,0.535726691879013
taught,18607,0.6077190012656029
taunt,804,0.4135159568268423
tax,62255,0.6823727457175409
tea,8689,0.5606482999363637
teach,22493,0.619443177346052
team,108530,0.716728632520339
tear,6618,0.543818326712937
tears,9281,0.5647225997272675
tease,1424,0.4488508684632116
tee,2109,0.473128249067346
teen,4197,0.5156664504748641
teens,2541,0.4846470460580314
teeth,10943,0.5749053869444565
tell,201113,0.7548584665156519
tells,28606,0.6343042076251066
tempt,476,0.3811138097578018
ten,39038,0.6535235929855635
tent,3188,0.4986688618962064
tenth,2576,0.48549267836390797
term,58015,0.6780125023651815
test,124268,0.7250992093742314
text,124116,0.7250235535806367
than,702492,0.8321743299330744
thank,95707,0.7089563421486441
thanked,1088,0.43221474531811366
thanks,253767,0.7692334626678854
that,5262332,0.9566504315016718
thaw,556,0.3907167595404543
the,23099034,1.0480878422713835
thee,4732,0.5230828590908242
theft,4876,0.5249358964894305
their,844723,0.8435714103826077
them,801561,0.8403293693576127
theme,14346,0.5916430414909584
then,705901,0.8324735744194768
there,1313358,0.8708523480308599
these,591806,0.8215758723493771
they,1617819,0.8837402137493151
thick,11430,0.5775968939234654
thief,4277,0.5168336271387475
thigh,2527,0.48430552719188885
thin,14258,0.5912626949782309
thing,243605,0.7667071885918023
things,262800,0.7713955428183187
think,652945,0.8276531296954888
thinks,24131,0.6237883326845711
third,58367,0.6783864237791527
thirst,1027,0.42864808217920763
this,3251990,0.9268985462390701
thorn,3727,0.5083249364899619
those,415649,0.7997343865896042
thou,6582,0.5434811544722377
though,199367,0.7543194670625797
thought,174955,0.7462453131054586
thrash,1138,0.4349921557649671
thread,57163,0.677097967748003
threat,18511,0.6073992518203173
three,165170,0.7426876542763124
threw,6889,0.5462991215085385
thrill,2570,0.485348531953774
throat,8043,0.5558727569585723
throne,5952,0.5372618880819272
through,305804,0.7807636365303678
throw,28290,0.6336175630724792
thud,466,0.3798013452200455
thumb,6587,0.5435280940731981
thumbs,1794,0.46312871447824583
thump,775,0.4112451150692947
thus,68927,0.6886660517932957
thy,4671,0.5222808271632455
tic,789,0.4123518026919736
tick,4620,0.5216021953048549
ticks,2424,0.48173318269509213
tide,3978,0.5123537479244941
tie,14879,0.5938980231466063
tied,11217,0.5764340969433097
tight,19367,0.6101936149333724
tights,1,0.0
til,1,0.0
tile,1328,0.44453646036223476
till,17333,0.6033347490959428
tilt,2137,0.47394352853070726
time,788824,0.8393392299880787
times,156833,0.7394860391715535
tin,11850,0.5798275653576643
tip,14597,0.5927152104519328
tips,17440,0.6037151706834879
tire,6156,0.5393450403695871
tired,19064,0.6092188674826129
tires,8116,0.5564312702327133
to,12661277,1.0109221818040406
toad,1693,0.45954681752515536
toast,3065,0.49623668660627057
toe,4549,0.5206448530627813
toed,1,0.0
toes,4549,0.5206448530627813
told,104948,0.7146540276917243
toll,7571,0.5521343865594404
tom,1,0.0
ton,11754,0.5793247480857072
tone,14824,0.5936691024618267
tongs,214,0.3316965063041782
tongue,14964,0.5942501505197804
tongues,2050,0.4713743104396624
too,388629,0.79557944627497
took,87272,0.7032532036555403
tool,33287,0.6436722615962899
toot,257,0.3430147927279389
tooth,3130,0.49753389619268085
toots,1,0.0
top,116572,0.721147304405129
tops,3928,0.511571866041276
torch,2426,0.4817841639413093
tore,1615,0.45663119180212675
torn,4161,0.5151339438864116
toss,4464,0.5194788905263161
tossed,3474,0.5039795474047488
tot,2289,0.4781909481457126
touch,34804,0.646427060517592
touched,6820,0.5456768654304367
tough,17335,0.6033418812936586
tour,23494,0.6221346487405994
tow,2012,0.470217722889798
town,37150,0.6504593266877664
towns,4334,0.5176519972799646
toy,25186,0.6264334457252375
toys,15329,0.5957398331824495
trace,8555,0.5596875780337957
track,45580,0.6631007692950779
tracks,16758,0.6012493390661597
trade,76385,0.6950167991180877
trail,11056,0.5755404275404082
train,23377,0.6218260424956583
trains,6197,0.5397553721700058
tramp,657,0.40103461456266565
trap,9425,0.5656743265446149
trash,9769,0.5678902850504288
tray,3383,0.5023387502023735
tread,3380,0.5022839093670144
treat,15559,0.5966604273945122
tree,27219,0.6312319383179898
trees,14694,0.593124623131584
tribe,4485,0.5197690039000983
trick,15659,0.5970564487217138
tricks,8332,0.5580549029243024
tried,119846,0.7228594790705313
trim,4156,0.5150596204945859
trimmed,2300,0.4784872931599592
trip,28400,0.6338574513018841
tripped,714,0.4061775371041821
trips,6859,0.5460293447163528
troll,11417,0.5775265484133615
troop,2300,0.4784872931599592
troops,11802,0.5795766679760408
trot,865,0.41803648474197425
trough,991,0.4264423662389021
trout,1948,0.46821949613138614
truce,933,0.42271435941260893
truck,10204,0.5705832878376739
trucks,4553,0.5206991837694513
true,1,0.0
trunk,3273,0.5002954081124004
trust,29359,0.6359103192792863
truth,52772,0.6721573559408852
try,272682,0.7736773106208508
tub,2580,0.48558858956629075
tube,14620,0.5928125332240844
tuck,1005,0.42730952134670325
tucked,1145,0.4353712224830823
tug,1178,0.4371275928957161
tugged,482,0.3818881174713377
tum,1,0.0
tune,12261,0.5819351781913852
turn,89686,0.7049398194867093
turned,51057,0.6701151143352481
turns,26164,0.6287883491051156
tush,148,0.3089014650508395
tusk,219,0.333124162314294
tut,1,0.0
twas,1,0.0
twelfth,507,0.38501389748755954
twelve,6794,0.5454407576516977
twerp,247,0.34056150419171155
twice,46141,0.6638569431576092
twig,241,0.33904139256934634
twin,7941,0.5550838191637573
twins,3743,0.5085897390690879
twirl,169,0.3171034452391878
twirled,97,0.2827846499263119
twist,9436,0.565746429021681
twitch,787,0.4121949123602028
twitched,301,0.35278363723774614
two,456474,0.8055258476452524
tyke,112,0.2916728636556191
type,157465,0.739734637504453
uh,1,0.0
um,1,0.0
up,931276,0.849601249949318
ups,9997,0.5693164096938598
us,481871,0.8088727891509461
use,677372,0.82992344393248
used,365663,0.791814122909858
van,45557,0.6630695692456254
vase,541,0.38902618678444423
veal,904,0.4207625064909267
vein,2170,0.47489078969509596
verb,2102,0.47292273792923045
verse,6408,0.5418250480579636
vest,1239,0.44024840472864385
vet,7568,0.5521098876790611
view,75015,0.6938980602889412
vine,1242,0.44039789635539534
vines,2061,0.4717051126559819
voice,81828,0.6992717030707896
vote,58104,0.6781072588563303
wad,2931,0.49347332539346167
wade,5233,0.5293036973243184
wag,351,0.362283079364709
waist,5277,0.5298212739602209
wait,61760,0.681879281741806
waits,2725,0.4889685604973748
wake,12065,0.5809390460968482
waked,17,0.17513439590616536
wakes,1341,0.44513863211410176
walk,33094,0.6433128129040125
walked,14969,0.5942708015598063
walks,6775,0.5452676452394702
wall,91870,0.7064270734790741
walls,12121,0.5812252970360614
wand,5421,0.5314854846044372
want,508124,0.8121520044827504
wants,60876,0.6809881047280898
war,109439,0.7172442098762356
warm,21019,0.6152535363259524
warmth,2500,0.48364150709935777
warn,4212,0.5158869814170635
warned,20429,0.6134935879299412
warp,50146,0.6690022073023921
wart,225,0.33479493314443093
was,2096828,0.8997716721182667
wash,8591,0.559947152808237
washed,3201,0.4989204170556866
wasp,787,0.4121949123602028
waste,27082,0.6309200236294574
watch,56975,0.6768943338149389
watched,16608,0.6006935471764591
wave,19213,0.6097001196912278
waved,1147,0.43547910166846393
waves,10071,0.5697722909765499
wax,5390,0.5311309822021454
waxed,535,0.3883367957260306
way,490088,0.8099179854277473
ways,54303,0.6739251793168634
we,1245248,0.8675605570788673
weak,17124,0.6025848612493774
wealth,11935,0.5802693796741076
wear,31162,0.6395944949356824
wears,3595,0.5060959192465104
web,140290,0.7325955582728478
webbed,1,0.0
wed,15099,0.594805321218692
wee,2813,0.49093322520364535
weed,3011,0.49513790951726105
weeds,1112,0.4335634844424457
week,109478,0.7172662344386893
weeks,69741,0.6893917821794956
weep,827,0.41525946838658945
weigh,4151,0.5149852076319409
weight,33959,0.6449077521802015
weird,16201,0.5991598279551577
well,552533,0.8173313176180246
went,115582,0.720620094183288
were,663884,0.8286801532306903
west,62839,0.6829499129784202
wet,16467,0.6001665065952179
whack,1782,0.4627138487764812
whale,2272,0.4777301475561879
wham,721,0.40678061269289334
what,1325780,0.8714342566606226
wheat,4109,0.514356577561343
wheel,19369,0.6101999981177579
wheels,11749,0.5792984472907163
wheeze,116,0.2938420250813162
when,944468,0.8504707435759915
where,454614,0.8052734557605048
which,980926,0.8528119909611501
while,284229,0.7762410140328263
whine,3758,0.5088369654652978
whined,542,0.38914034149377413
whip,4962,0.5260166455369525
whipped,2098,0.4728049954983281
whirl,388,0.3684780997302947
whirled,371,0.3657085960248124
whisk,301,0.35278363723774614
whisked,180,0.3210013686245699
white,149743,0.7366264233582607
whiz,866,0.418107905613622
whizzed,46,0.23666653961028025
who,931860,0.8496400016234658
whoa,2477,0.4830701791731685
whole,120698,0.723297373124536
whom,28334,0.633713630106915
whoosh,206,0.3293413735472311
whop,1,0.0
whose,40624,0.6559852726260534
why,361344,0.7910796565878558
wick,560,0.3911598779794629
wide,63298,0.6833997904758048
width,7474,0.5513372958895945
wife,38747,0.6530610827750648
wig,962,0.42460646276844205
wild,23870,0.623116104576099
will,1706010,0.8870212400022301
wilt,1024,0.42846724901991384
wimp,1,0.0
win,64800,0.6848494621511312
wince,297,0.35195667162611816
wind,23686,0.6226377644237269
winds,6440,0.5421329677857604
wine,13078,0.5859227206074006
wing,15249,0.5954163854824198
winged,675,0.40270538539280265
wings,8933,0.5623602242179324
wink,1495,0.4518585516517265
winked,284,0.3491899728502138
wins,11610,0.5785627691610428
wipe,4282,0.5169058490858981
wiped,3111,0.49715751932306285
wire,16616,0.6007233159020691
wires,5639,0.5339226207145452
wise,13445,0.5876334972188179
wish,74281,0.6932902422951702
wished,4115,0.5144467742079897
witch,8140,0.5566137942556864
with,3184847,0.9256089132075934
wives,3406,0.5027575879877989
woke,3224,0.49936298374717525
wolf,21577,0.6168731535645345
wolves,10872,0.5745030157978498
won,27564,0.6320105146384918
wont,5409,0.5313484989361117
woo,1987,0.46944483513241414
wood,24036,0.6235444972960142
woods,9314,0.564942001624568
woof,955,0.42415502278311046
wool,2067,0.4718848068451244
word,138156,0.7316480476218851
words,99250,0.7112033381657198
wore,5575,0.5332170406475449
work,451299,0.8048210572721942
worked,59753,0.6798371380742692
works,139174,0.7321018586470452
world,295524,0.778649922804911
worm,4111,0.5143866577359192
worms,5343,0.5305896028720841
worn,8276,0.5576380388177266
worse,34813,0.6464430431890921
worst,23947,0.6233151860928938
worth,81430,0.6989703111360939
would,1278503,0.8691896946184261
wound,6140,0.5391841690815636
wow,14333,0.5915870010500095
wrap,5974,0.5374899488245646
wrapped,6131,0.539093494659338
wreak,454,0.37818869486904205
wreath,288,0.3500545290067003
wreck,2162,0.4746624800817802
wren,693,0.40433218342540006
wrench,1390,0.4473570489623067
wring,267,0.34537442110361777
wrist,4356,0.5179649840627322
write,132649,0.7291336124657591
wrong,138849,0.731957339629917
wrote,1028147,0.8557182988472998
yak,765,0.4104423147267525
yam,578,0.39311551671432216
yank,1560,0.45448936389778355
yap,643,0.399703168311325
yard,7419,0.5508807287613555
yards,5655,0.5340977644691428
yarn,3132,0.49757338182643135
yawn,1334,0.44481511488761366
yawned,1,0.0
yawns,1,0.0
ye,7264,0.5495755944770075
yea,4246,0.5163839577890085
yeah,50019,0.6688454563731522
year,246567,0.7674542632531466
years,348899,0.788913177221543
yell,3323,0.5012325812714303
yelled,2101,0.47289332334026973
yelp,213,0.3314069752946028
yep,1,0.0
yes,197093,0.7536103498746476
yet,159995,0.7407199247699495
yield,6183,0.5396155649043536
yip,711,0.40591726405635714
yo,1,0.0
yoke,997,0.4268154946809056
yolk,325,0.3575257512672814
york,1,0.0
you,5030486,0.9538652022597172
young,66850,0.6867747260565993
your,1711894,0.8872340712535721
yours,32622,0.6424248383686181
youth,14085,0.5905080757874329
yuck,1,0.0
yum,1,0.0
zack,1,0.0
zap,3386,0.5023935424271466
zip,16637,0.6008013906671005
zone,17301,0.6032205218739077
zoo,4318,0.5174233710090436
zoom,4921,0.525503760866628
zoomed,1,0.0
